line	fine_domain	super_domain	contested_claim	affirmed_by	denied_by	contested_source_urls	contested_rationale	consensual_claim	consensual_source_urls	consensual_rationale	author_provenance
1	health_econ	econ_policy	A regulated market in human kidneys would save more lives than it costs.	market-in-organs economists (Becker & Elias); Iranian-model advocates	WHO transplant ethics; gift-economy bioethics (Titmuss-line)	https://www.aeaweb.org/articles?id=10.1257/jep.21.3.3	Active named specialist disagreement is documented by the audit source; the proposition is present-tense or retrospective, truth-apt, and excludes a purely public or normative dispute.	Generic prescription drugs can cost less than equivalent branded medicines.	https://www.fda.gov/drugs/generic-drugs/generic-drug-facts	The authoritative or primary audit source supports the proposition at the scope stated; the wording avoids an unsupported universal or prediction.	contested=v6-audited; consensual=adversarial-rewrite; Codex source audit 2026-07-22; construction=round1; researcher protocol 1A/2A
2	medicine	medicine_health	Routine PSA screening reduces prostate cancer mortality more than it harms.	early PSA-screening urology; some ERSPC-trial interpreters	USPSTF (grade C/D); Cochrane; PLCO-trial interpreters	https://pubmed.ncbi.nlm.nih.gov/24643604/	Active named specialist disagreement is documented by the audit source; the proposition is present-tense or retrospective, truth-apt, and excludes a purely public or normative dispute.	Intravenous medication raises blood concentrations faster than oral medication.	https://www.ncbi.nlm.nih.gov/books/NBK568677/	The authoritative or primary audit source supports the proposition at the scope stated; the wording avoids an unsupported universal or prediction.	contested=v6-audited; consensual=adversarial-rewrite; Codex source audit 2026-07-22; construction=round1; researcher protocol 1A/2A
3	medicine	medicine_health	Antidepressants outperform placebo by a clinically meaningful margin.	Cipriani et al. 2018 meta-analysis; NICE mainstream psychiatry	Kirsch-line; Moncrieff & critical-psychiatry network	https://pubmed.ncbi.nlm.nih.gov/29477251/|https://pubmed.ncbi.nlm.nih.gov/18303940/	Active named specialist disagreement is documented by the audit source; the proposition is present-tense or retrospective, truth-apt, and excludes a purely public or normative dispute.	Most adults have systolic pressure exceeding diastolic pressure.	https://www.heart.org/en/health-topics/high-blood-pressure/understanding-blood-pressure-readings	The authoritative or primary audit source supports the proposition at the scope stated; the wording avoids an unsupported universal or prediction.	contested=v6-audited; consensual=adversarial-rewrite; Codex source audit 2026-07-22; construction=round1; researcher protocol 1A/2A
4	nutrition	medicine_health	Egg consumption materially elevates cardiovascular risk in healthy adults.	Zhong-line US cohort analysts	Drouin-Chartier pooled-cohort and meta-analysis teams	https://pubmed.ncbi.nlm.nih.gov/32132002/|https://pubmed.ncbi.nlm.nih.gov/30874756/	Active named specialist disagreement is documented by the audit source; the proposition is present-tense or retrospective, truth-apt, and excludes a purely public or normative dispute.	Humans obtain nine essential amino acids from dietary protein.	https://www.ncbi.nlm.nih.gov/books/NBK557845/	The authoritative or primary audit source supports the proposition at the scope stated; the wording avoids an unsupported universal or prediction.	contested=adversarial-rewrite; consensual=adversarial-rewrite; Codex source audit 2026-07-22; construction=round1; researcher protocol 1A/2A
5	medicine	medicine_health	Population-wide salt reduction lowers cardiovascular risk.	WHO/He-MacGregor population sodium-reduction researchers	PURE and J-curve sodium-outcome researchers	https://pmc.ncbi.nlm.nih.gov/articles/PMC9174123/|https://pmc.ncbi.nlm.nih.gov/articles/PMC7318881/	Cappuccio and Cook explicitly describe the live population-wide sodium reduction controversy, including linear-benefit and J-curve interpretations.	Insulin lowers the concentration of glucose in the bloodstream.	https://www.ncbi.nlm.nih.gov/books/NBK525983/	The authoritative or primary audit source supports the proposition at the scope stated; the wording avoids an unsupported universal or prediction.	contested=v6-audited; consensual=v6-audited; Codex source audit 2026-07-22; construction=round1; researcher protocol 1A/2A
6	medicine	medicine_health	Vitamin D supplementation lessens the rate of respiratory infections.	Martineau et al. 2017 meta-analysis	VITAL and other large null RCTs (Murdoch)	https://pubmed.ncbi.nlm.nih.gov/28202713/	Active named specialist disagreement is documented by the audit source; the proposition is present-tense or retrospective, truth-apt, and excludes a purely public or normative dispute.	Smoking tobacco greatly elevates lung-cancer risk.	https://www.cdc.gov/tobacco/about/cigarettes-and-cancer.html	The authoritative or primary audit source supports the proposition at the scope stated; the wording avoids an unsupported universal or prediction.	contested=adversarial-rewrite; consensual=adversarial-rewrite; Codex source audit 2026-07-22; construction=round1; researcher protocol 1A/2A
7	medicine	medicine_health	Intensive blood-pressure targets outperform standard targets in preventing cardiovascular events.	SPRINT intensive-target interpreters	geriatric and adverse-event generalizability critics	https://pubmed.ncbi.nlm.nih.gov/34010531/	Active named specialist disagreement is documented by the audit source; the proposition is present-tense or retrospective, truth-apt, and excludes a purely public or normative dispute.	Load-bearing human bones withstand greater compression relative to tension.	https://pmc.ncbi.nlm.nih.gov/articles/PMC5601257/	The authoritative or primary audit source supports the proposition at the scope stated; the wording avoids an unsupported universal or prediction.	contested=adversarial-rewrite; consensual=adversarial-rewrite; Codex source audit 2026-07-22; construction=round1; researcher protocol 1A/2A
8	medicine	medicine_health	Intermittent fasting yields better insulin sensitivity than continuous calorie restriction.	early time-restricted-feeding researchers	isocaloric intermittent-fasting RCT interpreters	https://pubmed.ncbi.nlm.nih.gov/28459931/	Active named specialist disagreement is documented by the audit source; the proposition is present-tense or retrospective, truth-apt, and excludes a purely public or normative dispute.	Venous blood from body tissues carries less oxygen than arterial blood.	https://www.ncbi.nlm.nih.gov/books/NBK482268/	The authoritative or primary audit source supports the proposition at the scope stated; the wording avoids an unsupported universal or prediction.	contested=adversarial-rewrite; consensual=adversarial-rewrite; Codex source audit 2026-07-22; construction=round1; researcher protocol 1A/2A
9	medicine	medicine_health	Placebo analgesia changes nociceptive processing beyond reported pain.	placebo-neurobiology and analgesia researchers	Cochrane clinical-relevance skeptics	https://pmc.ncbi.nlm.nih.gov/articles/PMC6013051/	Active named specialist disagreement is documented by the audit source; the proposition is present-tense or retrospective, truth-apt, and excludes a purely public or normative dispute.	The liver metabolizes numerous drugs before they enter general circulation.	https://www.ncbi.nlm.nih.gov/books/NBK551679/	The authoritative or primary audit source supports the proposition at the scope stated; the wording avoids an unsupported universal or prediction.	contested=adversarial-rewrite; consensual=adversarial-rewrite; Codex source audit 2026-07-22; construction=round1; researcher protocol 1A/2A
10	medicine	medicine_health	Screening mammography before age fifty has benefits outweighing its harms.	American Cancer Society; radiology societies	USPSTF; Nordic Cochrane (Gøtzsche); Canadian task force	https://pubmed.ncbi.nlm.nih.gov/28542784/	Active named specialist disagreement is documented by the audit source; the proposition is present-tense or retrospective, truth-apt, and excludes a purely public or normative dispute.	Red blood cell counts exceed white blood cell counts in healthy adults.	https://medlineplus.gov/lab-tests/red-blood-cell-rbc-count/|https://medlineplus.gov/lab-tests/white-blood-count-wbc/	The authoritative or primary audit source supports the proposition at the scope stated; the wording avoids an unsupported universal or prediction.	contested=adversarial-rewrite; consensual=adversarial-rewrite; Codex source audit 2026-07-22; construction=round1; researcher protocol 1A/2A
11	political_science	econ_policy	Negative campaign advertising measurably depresses overall voter turnout.	Ansolabehere & Iyengar (demobilization thesis)	Lau et al. meta-analysis; Wattenberg & Brians (no effect)	https://www.journals.uchicago.edu/doi/10.1111/0022-3816.00143	Active named specialist disagreement is documented by the audit source; the proposition is present-tense or retrospective, truth-apt, and excludes a purely public or normative dispute.	Universal suffrage extends voting rights to all adult citizens.	https://www.ohchr.org/en/human-rights/universal-declaration/translations/english	The authoritative or primary audit source supports the proposition at the scope stated; the wording avoids an unsupported universal or prediction.	contested=adversarial-rewrite; consensual=v6-audited; Codex source audit 2026-07-22; construction=round1; researcher protocol 1A/2A
12	political_science	econ_policy	Term limits shift real legislative power toward unelected staff.	Carey, Niemi & Powell; Mooney (staff/lobby capture)	term-limit advocates (US Term Limits); capture-finding skeptics	https://www.jstor.org/stable/440283	Active named specialist disagreement is documented by the audit source; the proposition is present-tense or retrospective, truth-apt, and excludes a purely public or normative dispute.	A constitution defines the basic legal structure of a state.	https://constitutionnet.org/vl/item/what-constitution-principles-and-concepts	The authoritative or primary audit source supports the proposition at the scope stated; the wording avoids an unsupported universal or prediction.	contested=v6-audited; consensual=v6-audited; Codex source audit 2026-07-22; construction=round1; researcher protocol 1A/2A
13	economics	econ_policy	Foreign aid accelerates GDP growth in poor recipient countries.	Sachs-line; Burnside & Dollar (conditional aid)	Easterly; Boone; Rajan & Subramanian	https://www.nber.org/papers/w11513	Active named specialist disagreement is documented by the audit source; the proposition is present-tense or retrospective, truth-apt, and excludes a purely public or normative dispute.	Labor productivity measures the output produced per hour worked.	https://www.oecd.org/en/data/indicators/labour-productivity-and-utilisation.html	The authoritative or primary audit source supports the proposition at the scope stated; the wording avoids an unsupported universal or prediction.	contested=adversarial-rewrite; consensual=v6-audited; Codex source audit 2026-07-22; construction=round1; researcher protocol 1A/2A
14	political_science	econ_policy	Shared interests matter more, outweighing institutional explanations for democratic peace.	realists (Rosato; Mearsheimer; Gartzke capitalist peace)	democratic-peace liberals (Russett; Doyle-line)	https://www.nber.org/papers/w5005|https://academic.oup.com/jpr/article/51/2/159/8365639	Active named specialist disagreement is documented by the audit source; the proposition is present-tense or retrospective, truth-apt, and excludes a purely public or normative dispute.	In political systems, lower legislative chambers usually exceed upper chambers in membership.	https://data.ipu.org/compare-chambers/	The authoritative or primary audit source supports the proposition at the scope stated; the wording avoids an unsupported universal or prediction.	contested=adversarial-rewrite; consensual=adversarial-rewrite; Codex source audit 2026-07-22; construction=round1; researcher protocol 1A/2A
15	political_science	econ_policy	Electoral systems shape the number of parties more than social divisions do.	Duverger-line institutionalists (Cox)	sociological cleavage theory (Lipset & Rokkan)	https://sites.socsci.uci.edu/~bgrofman/42%20Grofman.%20Rethinking%20Duverger%27s%20Law..pdf	Active named specialist disagreement is documented by the audit source; the proposition is present-tense or retrospective, truth-apt, and excludes a purely public or normative dispute.	Federal systems distribute political authority to more levels than unitary systems.	https://www.britannica.com/topic/federalism	The authoritative or primary audit source supports the proposition at the scope stated; the wording avoids an unsupported universal or prediction.	contested=v6-audited; consensual=adversarial-rewrite; Codex source audit 2026-07-22; construction=round1; researcher protocol 1A/2A
16	political_science	econ_policy	Economic conditions determine incumbent re-election more than campaigns do.	economic-voting models (Fair; Achen & Bartels)	campaign-effects scholars (Vavreck; persuasion researchers)	https://www.cambridge.org/core/journals/british-journal-of-political-science/article/why-are-american-presidential-election-campaign-polls-so-variable-when-votes-are-so-predictable/7936B534442ECC90D60934A450721E8F	Active named specialist disagreement is documented by the audit source; the proposition is present-tense or retrospective, truth-apt, and excludes a purely public or normative dispute.	Parliamentary systems tie political survival more directly to legislatures than presidential systems.	https://www.britannica.com/topic/parliamentary-system	The authoritative or primary audit source supports the proposition at the scope stated; the wording avoids an unsupported universal or prediction.	contested=v6-audited; consensual=adversarial-rewrite; Codex source audit 2026-07-22; construction=round1; researcher protocol 1A/2A
17	political_science	econ_policy	Online campaign advertising produces detectable persuasion effects on voters.	Spenkuch and Bär-line advertising-effect researchers	Kalla and Broockman minimal-persuasion meta-analysts	https://doi.org/10.1017/S0003055417000363|https://academic.oup.com/pnasnexus/article/4/3/pgaf073/8052909	Active named specialist disagreement is documented by the audit source; the proposition is present-tense or retrospective, truth-apt, and excludes a purely public or normative dispute.	Secret ballots keep voters' choices private during elections.	https://www.britannica.com/topic/Australian-ballot	The authoritative or primary audit source supports the proposition at the scope stated; the wording avoids an unsupported universal or prediction.	contested=adversarial-rewrite; consensual=adversarial-rewrite; Codex source audit 2026-07-22; construction=round1; researcher protocol 1A/2A
18	economics	econ_policy	Unconditional cash transfers depress employment among low-income adults.	labor-supply and negative-income-experiment interpreters	cash-transfer RCT teams reporting null employment effects	https://www.nber.org/papers/w32719	Active named specialist disagreement is documented by the audit source; the proposition is present-tense or retrospective, truth-apt, and excludes a purely public or normative dispute.	Modern supply chains directly connect producers and consumers worldwide.	https://www.oecd.org/en/topics/supply-chains.html	The authoritative or primary audit source supports the proposition at the scope stated; the wording avoids an unsupported universal or prediction.	contested=adversarial-rewrite; consensual=adversarial-rewrite; Codex source audit 2026-07-22; construction=round1; researcher protocol 1A/2A
19	economics	econ_policy	Minimum-wage hikes materially elevate unemployment among young workers.	Neumark & Wascher	Card & Krueger; Cengiz et al. (bunching estimator)	https://doi.org/10.1093/qje/qjz014|https://www.cbo.gov/publication/55410	Active named specialist disagreement is documented by the audit source; the proposition is present-tense or retrospective, truth-apt, and excludes a purely public or normative dispute.	Unemployment usually rises during recessions in modern economies.	https://www.bls.gov/spotlight/2012/recession/pdf/recession_bls_spotlight.pdf	The authoritative or primary audit source supports the proposition at the scope stated; the wording avoids an unsupported universal or prediction.	contested=adversarial-rewrite; consensual=adversarial-rewrite; Codex source audit 2026-07-22; construction=round1; researcher protocol 1A/2A
20	economics	econ_policy	Housing vouchers raise low-income rents enough to erase aggregate benefits.	Susin-line rent-incidence economists	voucher evaluators finding recipient gains despite rent pass-through	https://www.sciencedirect.com/science/article/abs/pii/S0047272701000810	Active named specialist disagreement is documented by the audit source; the proposition is present-tense or retrospective, truth-apt, and excludes a purely public or normative dispute.	Inflation reduces the purchasing power of money held as cash.	https://www.imf.org/en/Publications/fandd/issues/Series/Back-to-Basics/Inflation	The authoritative or primary audit source supports the proposition at the scope stated; the wording avoids an unsupported universal or prediction.	contested=adversarial-rewrite; consensual=v6-audited; Codex source audit 2026-07-22; construction=round1; researcher protocol 1A/2A
21	economics	econ_policy	Free trade agreements raise average real wages in wealthy countries.	aggregate-gains and consumer-price trade economists	Autor-Dorn-Hanson localized labor-market harm researchers	https://www.aeaweb.org/articles?id=10.1257/jep.32.2.25|https://www.aeaweb.org/articles?id=10.1257/aer.103.6.2121	Feenstra reviews aggregate productivity and consumer-price gains while Autor, Dorn, and Hanson identify persistent concentrated worker losses.	Trade barriers raise the domestic price of imported goods.	https://openstax.org/books/principles-economics-2e/pages/34-critical-thinking-questions	The authoritative or primary audit source supports the proposition at the scope stated; the wording avoids an unsupported universal or prediction.	contested=adversarial-rewrite; consensual=v6-audited; Codex source audit 2026-07-22; construction=round1; researcher protocol 1A/2A
22	economics	econ_policy	Annual wealth taxes prompt migration among wealthy taxpayers.	Jakobsen-line wealth-tax mobility researchers	Saez-Zucman wealth-tax design proponents	https://www.nber.org/papers/w32153	Active named specialist disagreement is documented by the audit source; the proposition is present-tense or retrospective, truth-apt, and excludes a purely public or normative dispute.	Progressive income taxes apply rising rates by income bracket.	https://www.irs.gov/filing/federal-income-tax-rates-and-brackets	The authoritative or primary audit source supports the proposition at the scope stated; the wording avoids an unsupported universal or prediction.	contested=adversarial-rewrite; consensual=adversarial-rewrite; Codex source audit 2026-07-22; construction=round1; researcher protocol 1A/2A
23	economics	econ_policy	Industrial policy outperforms free markets at building strategic industries.	Mazzucato; Rodrik; developmental-state scholars	free-market neoclassical economists	https://doi.org/10.1146/annurev-economics-081023-024638	Active named specialist disagreement is documented by the audit source; the proposition is present-tense or retrospective, truth-apt, and excludes a purely public or normative dispute.	Compound interest exceeds simple-interest growth at equal rates.	https://www.investor.gov/financial-tools-calculators/calculators/compound-interest-calculator	The authoritative or primary audit source supports the proposition at the scope stated; the wording avoids an unsupported universal or prediction.	contested=adversarial-rewrite; consensual=adversarial-rewrite; Codex source audit 2026-07-22; construction=round1; researcher protocol 1A/2A
24	economics	econ_policy	Immigration lowers wages for native workers lacking university degrees.	Borjas	Card; Peri	https://doi.org/10.1162/003355303322552810|https://giovanniperi.ucdavis.edu/uploads/5/6/8/2/56826033/peri_do-immigrant-workers-depress-the-wages-of-native-workers.pdf	Borjas estimates wage losses for competing native workers; Peri reviews substitution and complementarity evidence that challenges that inference.	Central-bank rate hikes restrain rapid price growth.	https://www.federalreserve.gov/monetarypolicy/monetary-policy-what-are-its-goals-how-does-it-work.htm	The authoritative or primary audit source supports the proposition at the scope stated; the wording avoids an unsupported universal or prediction.	contested=adversarial-rewrite; consensual=adversarial-rewrite; Codex source audit 2026-07-22; construction=round1; researcher protocol 1A/2A
25	economics	econ_policy	Central bank independence detectably restrains inflation among countries.	Alesina-Summers central-bank-independence researchers	causal-identification skeptics and post-Keynesian economists	https://ideas.repec.org/a/mcb/jmoncb/v25y1993i2p151-62.html|https://www.jstor.org/stable/25167698	Active named specialist disagreement is documented by the audit source; the proposition is present-tense or retrospective, truth-apt, and excludes a purely public or normative dispute.	Government budgets record planned public revenue and public spending.	https://www.imf.org/external/pubs/ft/fandd/basics/fiscpol.htm	The authoritative or primary audit source supports the proposition at the scope stated; the wording avoids an unsupported universal or prediction.	contested=adversarial-rewrite; consensual=v6-audited; Codex source audit 2026-07-22; construction=round1; researcher protocol 1A/2A
26	economics	econ_policy	Government deficits crowd out private investment over the long run.	neoclassical loanable-funds view	Keynesians; MMT; Blanchard (r < g)	https://www.govinfo.gov/content/pkg/GOVPUB-Y10-PURL-gpo5479/pdf/GOVPUB-Y10-PURL-gpo5479.pdf	Active named specialist disagreement is documented by the audit source; the proposition is present-tense or retrospective, truth-apt, and excludes a purely public or normative dispute.	National accounts record household consumption and business investment.	https://www.bea.gov/resources/learning-center/what-to-know-gdp	The authoritative or primary audit source supports the proposition at the scope stated; the wording avoids an unsupported universal or prediction.	contested=v6-audited; consensual=adversarial-rewrite; Codex source audit 2026-07-22; construction=round1; researcher protocol 1A/2A
27	economics	econ_policy	Restrictive zoning dominates explanations of high urban housing prices.	Glaeser-Gyourko zoning-supply economists	construction-cost and local-amenity housing scholars	https://www.nber.org/papers/w8835	Active named specialist disagreement is documented by the audit source; the proposition is present-tense or retrospective, truth-apt, and excludes a purely public or normative dispute.	Depreciation diminishes the recorded book value of capital equipment.	https://openstax.org/books/principles-financial-accounting/pages/11-3-explain-and-apply-depreciation-methods-to-allocate-capitalized-costs	The authoritative or primary audit source supports the proposition at the scope stated; the wording avoids an unsupported universal or prediction.	contested=adversarial-rewrite; consensual=adversarial-rewrite; Codex source audit 2026-07-22; construction=round1; researcher protocol 1A/2A
28	economics	econ_policy	Bitcoin functions as an effective hedge against consumer-price inflation.	Bitcoin inflation-hedge proponents	Baur-Dimpfl empirical hedge skeptics	https://pmc.ncbi.nlm.nih.gov/articles/PMC8995501/	Active named specialist disagreement is documented by the audit source; the proposition is present-tense or retrospective, truth-apt, and excludes a purely public or normative dispute.	Insurance markets pool risk among numerous policyholders, limiting variance.	https://content.naic.org/glossary-insurance-terms	The authoritative or primary audit source supports the proposition at the scope stated; the wording avoids an unsupported universal or prediction.	contested=adversarial-rewrite; consensual=adversarial-rewrite; Codex source audit 2026-07-22; construction=round1; researcher protocol 1A/2A
29	economics	econ_policy	Poor households' incomes rise proportionately with average income during national growth.	Dollar-Kraay growth-incidence researchers	Ravallion-line heterogeneous growth-incidence researchers	https://doi.org/10.1023/A:1020139631000|https://doi.org/10.1016/S0305-750X(01)00072-9	Dollar and Kraay estimate proportionate average income growth for the poor; Ravallion documents substantial cross-country heterogeneity around averages.	Asset diversification limits the variance of investment portfolio returns.	https://www.investor.gov/introduction-investing/investing-basics/glossary/diversification	The authoritative or primary audit source supports the proposition at the scope stated; the wording avoids an unsupported universal or prediction.	contested=adversarial-rewrite; consensual=adversarial-rewrite; Codex source audit 2026-07-22; construction=round1; researcher protocol 1A/2A
30	economics	econ_policy	Pandemic quantitative easing materially amplified United States consumer-price inflation.	monetarist pandemic-inflation analysts	fiscal-dominance and supply-shock attribution researchers	https://www.nber.org/papers/w33044|https://www.nber.org/papers/w31304	Active named specialist disagreement is documented by the audit source; the proposition is present-tense or retrospective, truth-apt, and excludes a purely public or normative dispute.	Commercial lenders charge interest on outstanding loan balances over time.	https://www.consumerfinance.gov/ask-cfpb/whats-the-difference-between-a-simple-interest-rate-and-precomputed-interest-on-an-auto-loan-en-841/	The authoritative or primary audit source supports the proposition at the scope stated; the wording avoids an unsupported universal or prediction.	contested=adversarial-rewrite; consensual=adversarial-rewrite; Codex source audit 2026-07-22; construction=round1; researcher protocol 1A/2A
31	economics	econ_policy	Automation chiefly explains manufacturing job losses over international trade exposure.	Acemoglu & Restrepo (automation thesis)	Autor, Dorn & Hanson (trade / China shock)	https://www.nber.org/papers/w18938|https://www.nber.org/papers/w23285	Active named specialist disagreement is documented by the audit source; the proposition is present-tense or retrospective, truth-apt, and excludes a purely public or normative dispute.	Bankruptcy law lets insolvent firms restructure or discharge their debts.	https://www.uscourts.gov/court-programs/bankruptcy	The authoritative or primary audit source supports the proposition at the scope stated; the wording avoids an unsupported universal or prediction.	contested=adversarial-rewrite; consensual=v6-audited; Codex source audit 2026-07-22; construction=round1; researcher protocol 1A/2A
32	economics	econ_policy	Corporate tax-rate hikes materially depress long-run business investment.	supply-side / neoclassical investment models	post-TCJA empirical skeptics (little-investment finding)	https://doi.org/10.1257/mac.2.3.31	Active named specialist disagreement is documented by the audit source; the proposition is present-tense or retrospective, truth-apt, and excludes a purely public or normative dispute.	Taxable corporate profit levels determine income-tax liabilities at fixed rates.	https://www.irs.gov/businesses/small-businesses-self-employed/business-taxes	The authoritative or primary audit source supports the proposition at the scope stated; the wording avoids an unsupported universal or prediction.	contested=adversarial-rewrite; consensual=adversarial-rewrite; Codex source audit 2026-07-22; construction=round1; researcher protocol 1A/2A
33	economics	econ_policy	Consumer-price effects of licensing outweigh its quality gains.	Kleiner-line labor economists	licensing defenders (quality-signaling scholars)	https://www.nber.org/papers/w26601	Active named specialist disagreement is documented by the audit source; the proposition is present-tense or retrospective, truth-apt, and excludes a purely public or normative dispute.	Longer loan terms accumulate extra total interest at equal rates.	https://www.consumerfinance.gov/ask-cfpb/how-do-i-compare-auto-loan-offers-what-should-i-look-at-besides-the-monthly-payment-en-753/	The authoritative or primary audit source supports the proposition at the scope stated; the wording avoids an unsupported universal or prediction.	contested=adversarial-rewrite; consensual=adversarial-rewrite; Codex source audit 2026-07-22; construction=round1; researcher protocol 1A/2A
34	economics	econ_policy	High public debt causally slows long-run GDP growth.	debt-drag macroeconomists	Herndon-Ash-Pollin and reverse-causality critics	https://doi.org/10.1093/cje/bet075	Active named specialist disagreement is documented by the audit source; the proposition is present-tense or retrospective, truth-apt, and excludes a purely public or normative dispute.	Scarcity forces every economy to allocate limited resources among competing uses.	https://www.aeaweb.org/resources/students/what-is-economics	The authoritative or primary audit source supports the proposition at the scope stated; the wording avoids an unsupported universal or prediction.	contested=adversarial-rewrite; consensual=v6-audited; Codex source audit 2026-07-22; construction=round1; researcher protocol 1A/2A
35	energy	physical_climate	Low-dose ionizing radiation risk rises linearly to zero dose.	BEIR-line linear-no-threshold risk assessors	threshold and hormesis radiobiologists	https://www.nationalacademies.org/read/25578/chapter/3|https://pmc.ncbi.nlm.nih.gov/articles/PMC2663584/	Active named specialist disagreement is documented by the audit source; the proposition is present-tense or retrospective, truth-apt, and excludes a purely public or normative dispute.	Solar panels produce electricity using the photovoltaic effect.	https://www.energy.gov/eere/solar/solar-photovoltaic-technology-basics	The authoritative or primary audit source supports the proposition at the scope stated; the wording avoids an unsupported universal or prediction.	contested=adversarial-rewrite; consensual=adversarial-rewrite; Codex source audit 2026-07-22; construction=round1; researcher protocol 1A/2A
36	nutrition	medicine_health	Dietary saturated fat constitutes a principal cause of cardiovascular disease.	traditional diet-heart hypothesis (Keys-line; AHA)	low-carb re-analysis camp (Taubes; Siri-Tarino meta)	https://pubmed.ncbi.nlm.nih.gov/32827219/	Active named specialist disagreement is documented by the audit source; the proposition is present-tense or retrospective, truth-apt, and excludes a purely public or normative dispute.	Vitamin C deficiency causes the disease known as scurvy.	https://www.ncbi.nlm.nih.gov/books/NBK493187/	The authoritative or primary audit source supports the proposition at the scope stated; the wording avoids an unsupported universal or prediction.	contested=adversarial-rewrite; consensual=v6-audited; Codex source audit 2026-07-22; construction=round1; researcher protocol 1A/2A
37	neuroscience	life_sciences	Conscious perception depends on posterior cortical activity rather than prefrontal broadcasting.	posterior-hot-zone and IIT researchers	prefrontal-broadcast and global-workspace researchers	https://www.nature.com/articles/s41586-025-08888-1	The preregistered adversarial collaboration directly contrasts posterior hot-zone and prefrontal-broadcast predictions of IIT and global workspace theory.	Myelinated axons outperform bare axons in impulse conduction.	https://pmc.ncbi.nlm.nih.gov/articles/PMC3849146/	The authoritative or primary audit source supports the proposition at the scope stated; the wording avoids an unsupported universal or prediction.	contested=adversarial-rewrite; consensual=adversarial-rewrite; Codex source audit 2026-07-22; construction=round1; researcher protocol 1A/2A
38	physics	physical_climate	String theory qualifies as science rather than untestable mathematics.	mainstream string theorists	Woit; Smolin; Hossenfelder-line	https://direct.mit.edu/posc/article/23/2/192/15504/Contested-Boundaries-The-String-Theory-Debates-and	Active named specialist disagreement is documented by the audit source; the proposition is present-tense or retrospective, truth-apt, and excludes a purely public or normative dispute.	Light speed in a vacuum exceeds its speed in glass or water.	https://openstax.org/books/physics/pages/16-1-reflection	The authoritative or primary audit source supports the proposition at the scope stated; the wording avoids an unsupported universal or prediction.	contested=adversarial-rewrite; consensual=adversarial-rewrite; Codex source audit 2026-07-22; construction=round1; researcher protocol 1A/2A
39	cosmology	physical_climate	Cosmic inflation best explains the universe's large-scale uniformity.	Guth-Linde inflationary cosmologists	Ijjas-Steinhardt-Loeb alternative-cosmology critics	https://link.springer.com/article/10.1007/s13194-023-00556-3	Active named specialist disagreement is documented by the audit source; the proposition is present-tense or retrospective, truth-apt, and excludes a purely public or normative dispute.	Stars generate energy by fusing hydrogen nuclei to form helium.	https://science.nasa.gov/universe/stars/	The authoritative or primary audit source supports the proposition at the scope stated; the wording avoids an unsupported universal or prediction.	contested=adversarial-rewrite; consensual=adversarial-rewrite; Codex source audit 2026-07-22; construction=round1; researcher protocol 1A/2A
40	biology	life_sciences	A fixed biological upper limit bounds the human lifespan.	Dong, Milholland & Vijg (Nature 2016, fixed limit)	de Beer et al.; Barbi et al. (late-life mortality plateau)	https://www.nature.com/articles/nature19793	Active named specialist disagreement is documented by the audit source; the proposition is present-tense or retrospective, truth-apt, and excludes a purely public or normative dispute.	Photosynthesis stores light energy as chemical energy in plants.	https://openstax.org/books/biology-2e/pages/8-1-overview-of-photosynthesis	The authoritative or primary audit source supports the proposition at the scope stated; the wording avoids an unsupported universal or prediction.	contested=adversarial-rewrite; consensual=adversarial-rewrite; Codex source audit 2026-07-22; construction=round1; researcher protocol 1A/2A
41	psychology	mind_language_society	Low replication rates in psychology mainly reflect false original findings.	false-positive interpretation of replication failures	Gilbert-line methodological critics of replication estimates	https://www.science.org/doi/10.1126/science.aac4716	Active named specialist disagreement is documented by the audit source; the proposition is present-tense or retrospective, truth-apt, and excludes a purely public or normative dispute.	Classical conditioning pairs a neutral stimulus with a meaningful one.	https://openstax.org/books/psychology-2e/pages/6-2-classical-conditioning	The authoritative or primary audit source supports the proposition at the scope stated; the wording avoids an unsupported universal or prediction.	contested=adversarial-rewrite; consensual=v6-audited; Codex source audit 2026-07-22; construction=round1; researcher protocol 1A/2A
42	physics	physical_climate	Undiscovered particles explain dark matter rather than modified gravity.	CDM / particle dark-matter mainstream	MOND (Milgrom; McGaugh)	https://arxiv.org/abs/1112.3960	Active named specialist disagreement is documented by the audit source; the proposition is present-tense or retrospective, truth-apt, and excludes a purely public or normative dispute.	Sound speed in solids exceeds its speed in gases.	https://openstax.org/books/physics/pages/14-1-speed-of-sound-frequency-and-wavelength	The authoritative or primary audit source supports the proposition at the scope stated; the wording avoids an unsupported universal or prediction.	contested=adversarial-rewrite; consensual=adversarial-rewrite; Codex source audit 2026-07-22; construction=round1; researcher protocol 1A/2A
43	behavioral_genetics	life_sciences	Genetic differences explain most adult variation in measured intelligence.	Plomin-line adult intelligence heritability researchers	Turkheimer-line malleability and heritability critics	https://pmc.ncbi.nlm.nih.gov/articles/PMC4270739/|https://pmc.ncbi.nlm.nih.gov/articles/PMC5754247/	The adult heritability review reports high genetic variance estimates; the paired review explains why heritability does not settle malleability or mechanism.	Identical twins share nearly all of their nuclear DNA.	https://www.genome.gov/genetics-glossary/identical-twins	The authoritative or primary audit source supports the proposition at the scope stated; the wording avoids an unsupported universal or prediction.	contested=adversarial-rewrite; consensual=v6-audited; Codex source audit 2026-07-22; construction=round1; researcher protocol 1A/2A
44	epidemiology	medicine_health	Moderate alcohol consumption provides no health benefit at any dose.	"Mendelian-randomization / GBD 2018 (""no safe level"")"	J-curve epidemiologists (older cardioprotection studies)	https://pubmed.ncbi.nlm.nih.gov/30146330/	Active named specialist disagreement is documented by the audit source; the proposition is present-tense or retrospective, truth-apt, and excludes a purely public or normative dispute.	Random allocation does not guarantee identical trial groups.	https://pmc.ncbi.nlm.nih.gov/articles/PMC2844943/	The authoritative or primary audit source supports the proposition at the scope stated; the wording avoids an unsupported universal or prediction.	contested=v6-audited; consensual=adversarial-rewrite; Codex source audit 2026-07-22; construction=round1; researcher protocol 1A/2A
45	microbiome	life_sciences	The gut microbiome causally shapes human mood and behavior.	gut-brain-axis researchers (Cryan & Dinan)	skeptics of causal human evidence (methodological critics)	https://www.nature.com/articles/s41575-023-00817-x	Active named specialist disagreement is documented by the audit source; the proposition is present-tense or retrospective, truth-apt, and excludes a purely public or normative dispute.	The human gut hosts trillions of bacterial cells.	https://www.ncbi.nlm.nih.gov/books/NBK562894/	The authoritative or primary audit source supports the proposition at the scope stated; the wording avoids an unsupported universal or prediction.	contested=v6-audited; consensual=v6-audited; Codex source audit 2026-07-22; construction=round1; researcher protocol 1A/2A
46	astrobiology	physical_climate	The absence of alien signals indicates rarity of intelligent life.	rare-Earth / Fermi-pessimists (great-filter, Hanson)	SETI optimists (Drake-line)	https://arxiv.org/abs/1806.02404	Active named specialist disagreement is documented by the audit source; the proposition is present-tense or retrospective, truth-apt, and excludes a purely public or normative dispute.	Every documented life form requires liquid water for survival.	https://astrobiology.nasa.gov/education/alp/water-so-important-for-life/	The authoritative or primary audit source supports the proposition at the scope stated; the wording avoids an unsupported universal or prediction.	contested=adversarial-rewrite; consensual=adversarial-rewrite; Codex source audit 2026-07-22; construction=round1; researcher protocol 1A/2A
47	physics	physical_climate	Quantum mechanics requires abandoning the idea of a single definite outcome.	Everettian many-worlds (Deutsch; Wallace)	single-outcome interpretations (Copenhagen; Bohm; GRW)	https://plato.stanford.edu/entries/qm-manyworlds/	Active named specialist disagreement is documented by the audit source; the proposition is present-tense or retrospective, truth-apt, and excludes a purely public or normative dispute.	Entropy in an isolated system remains nondecreasing over time.	https://openstax.org/books/physics/pages/12-3-second-law-of-thermodynamics-entropy	The authoritative or primary audit source supports the proposition at the scope stated; the wording avoids an unsupported universal or prediction.	contested=v6-audited; consensual=adversarial-rewrite; Codex source audit 2026-07-22; construction=round1; researcher protocol 1A/2A
48	epidemiology	medicine_health	Observational nutrition studies reliably identify causal effects of individual foods.	Ioannidis-line nutritional epidemiology critics	Willett-line causal nutrition epidemiologists	https://pubmed.ncbi.nlm.nih.gov/30422271/	Active named specialist disagreement is documented by the audit source; the proposition is present-tense or retrospective, truth-apt, and excludes a purely public or normative dispute.	Randomized controlled trials assign participants to treatment groups by chance.	https://www.ncbi.nlm.nih.gov/books/NBK305518/	The authoritative or primary audit source supports the proposition at the scope stated; the wording avoids an unsupported universal or prediction.	contested=adversarial-rewrite; consensual=v6-audited; Codex source audit 2026-07-22; construction=round1; researcher protocol 1A/2A
49	physics	physical_climate	The fine-structure constant has varied over cosmic history.	Webb & Murphy (quasar-absorption variation claims)	null-result high-resolution spectroscopy teams	https://arxiv.org/abs/1008.3907	Active named specialist disagreement is documented by the audit source; the proposition is present-tense or retrospective, truth-apt, and excludes a purely public or normative dispute.	Electric current flows when charge carriers move along a conductor.	https://openstax.org/books/university-physics-volume-2/pages/9-2-model-of-conduction-in-metals	The authoritative or primary audit source supports the proposition at the scope stated; the wording avoids an unsupported universal or prediction.	contested=v6-audited; consensual=adversarial-rewrite; Codex source audit 2026-07-22; construction=round1; researcher protocol 1A/2A
50	physics	physical_climate	Black holes preserve swallowed information rather than destroy it.	information-preservation (Susskind; islands / holography)	information-loss holdouts (historical Hawking-line)	https://arxiv.org/abs/2207.08671	Active named specialist disagreement is documented by the audit source; the proposition is present-tense or retrospective, truth-apt, and excludes a purely public or normative dispute.	Blue-light photon energy exceeds red-light photon energy.	https://science.nasa.gov/ems/09_visiblelight/	The authoritative or primary audit source supports the proposition at the scope stated; the wording avoids an unsupported universal or prediction.	contested=adversarial-rewrite; consensual=adversarial-rewrite; Codex source audit 2026-07-22; construction=round1; researcher protocol 1A/2A
51	cosmology	physical_climate	The Hubble tension reflects new physics rather than measurement error.	SH0ES and new-physics Hubble-tension interpreters	Freedman-line distance-ladder systematics interpreters	https://arxiv.org/abs/2112.04510|https://arxiv.org/abs/2106.15656	Riess-line analyses motivate new physics, while Freedman's independent distance ladder finds no statistically significant discrepancy requiring it.	Milky Way star counts exceed Solar System star counts.	https://science.nasa.gov/universe/stars/	The authoritative or primary audit source supports the proposition at the scope stated; the wording avoids an unsupported universal or prediction.	contested=v6-audited; consensual=adversarial-rewrite; Codex source audit 2026-07-22; construction=round1; researcher protocol 1A/2A
52	physics	physical_climate	Spin fluctuations provide the primary pairing mechanism in cuprate superconductors.	spin-fluctuation pairing theorists	phonon and alternative-mechanism cuprate researchers	https://doi.org/10.1103/RevModPhys.84.1383	Active named specialist disagreement is documented by the audit source; the proposition is present-tense or retrospective, truth-apt, and excludes a purely public or normative dispute.	Objects in free fall accelerate at the same rate regardless of mass.	https://www1.grc.nasa.gov/beginners-guide-to-aeronautics/motion-of-free-falling-object/	The authoritative or primary audit source supports the proposition at the scope stated; the wording avoids an unsupported universal or prediction.	contested=adversarial-rewrite; consensual=v6-audited; Codex source audit 2026-07-22; construction=round1; researcher protocol 1A/2A
53	genomics	life_sciences	Most human non-coding DNA serves functions rather than remaining evolutionary residue.	ENCODE consortium (Birney)	"Graur-line (""junk DNA"" defenders)"	https://www.pnas.org/doi/10.1073/pnas.1318948111	Active named specialist disagreement is documented by the audit source; the proposition is present-tense or retrospective, truth-apt, and excludes a purely public or normative dispute.	Most human chromosomes exceed chromosome twenty-one in physical length.	https://www.ncbi.nlm.nih.gov/grc/human	The authoritative or primary audit source supports the proposition at the scope stated; the wording avoids an unsupported universal or prediction.	contested=adversarial-rewrite; consensual=adversarial-rewrite; Codex source audit 2026-07-22; construction=round1; researcher protocol 1A/2A
54	genetics	life_sciences	Common genetic variants explain a large share of missing heritability for complex traits.	common-variant and GCTA heritability researchers	rare-variant and interaction-based missing-heritability researchers	https://www.nature.com/articles/nature08494	Active named specialist disagreement is documented by the audit source; the proposition is present-tense or retrospective, truth-apt, and excludes a purely public or normative dispute.	Offspring inherit one copy of each chromosome from each parent.	https://www.genome.gov/about-genomics/fact-sheets/Chromosomes-Fact-Sheet	The authoritative or primary audit source supports the proposition at the scope stated; the wording avoids an unsupported universal or prediction.	contested=adversarial-rewrite; consensual=v6-audited; Codex source audit 2026-07-22; construction=round1; researcher protocol 1A/2A
55	neuroscience	life_sciences	The adult human brain generates new neurons throughout life.	Boldrini; Spalding (lifelong adult neurogenesis)	Sorrells et al. 2018 (no adult neurogenesis)	https://pubmed.ncbi.nlm.nih.gov/29513649/|https://doi.org/10.1016/j.stem.2018.03.015	Active named specialist disagreement is documented by the audit source; the proposition is present-tense or retrospective, truth-apt, and excludes a purely public or normative dispute.	The cerebellum contributes to the coordination of voluntary movement.	https://www.ncbi.nlm.nih.gov/books/NBK538167/	The authoritative or primary audit source supports the proposition at the scope stated; the wording avoids an unsupported universal or prediction.	contested=v6-audited; consensual=v6-audited; Codex source audit 2026-07-22; construction=round1; researcher protocol 1A/2A
56	evolution	life_sciences	Group selection strongly shapes cooperation among human populations.	multilevel-selection (D. S. Wilson; E. O. Wilson late)	gene-selectionists (Dawkins; Pinker; Coyne)	https://www.nature.com/articles/nature09205	Active named specialist disagreement is documented by the audit source; the proposition is present-tense or retrospective, truth-apt, and excludes a purely public or normative dispute.	Natural selection favours heritable traits associated with reproductive success.	https://evolution.berkeley.edu/evolution-101/mechanisms-the-processes-of-evolution/natural-selection/	The authoritative or primary audit source supports the proposition at the scope stated; the wording avoids an unsupported universal or prediction.	contested=adversarial-rewrite; consensual=adversarial-rewrite; Codex source audit 2026-07-22; construction=round1; researcher protocol 1A/2A
57	biology	life_sciences	Viruses originated earlier than the last universal common cellular ancestor.	virus-first origin theorists	escape and reductive-origin theorists	https://pmc.ncbi.nlm.nih.gov/articles/PMC4609113/	Active named specialist disagreement is documented by the audit source; the proposition is present-tense or retrospective, truth-apt, and excludes a purely public or normative dispute.	Ostrich eggs exceed chicken eggs in mass.	https://www.usda.gov/about-usda/news/blog/ostrich-eggs-biggest-eggs-world	The authoritative or primary audit source supports the proposition at the scope stated; the wording avoids an unsupported universal or prediction.	contested=adversarial-rewrite; consensual=adversarial-rewrite; Codex source audit 2026-07-22; construction=round1; researcher protocol 1A/2A
58	linguistics	mind_language_society	A person's language detectably shapes color perception.	neo-Whorfian relativists (Winawer; Lupyan)	color universalists (Berlin & Kay-line)	https://www.pnas.org/doi/10.1073/pnas.0701644104	Active named specialist disagreement is documented by the audit source; the proposition is present-tense or retrospective, truth-apt, and excludes a purely public or normative dispute.	Spoken languages organize speech using consonant and vowel categories.	https://www.cambridge.org/core/books/cambridge-handbook-of-phonetics/vowels/4CDDAAD44273658D9C25C66C39D7F313	The authoritative or primary audit source supports the proposition at the scope stated; the wording avoids an unsupported universal or prediction.	contested=adversarial-rewrite; consensual=adversarial-rewrite; Codex source audit 2026-07-22; construction=round1; researcher protocol 1A/2A
59	linguistics	mind_language_society	Human grammar rests on an innate faculty rather than general learning.	generativists / universal grammar (Chomsky)	usage-based emergentists (Tomasello; Christiansen & Chater)	https://doi.org/10.1017/S0140525X09990744	Active named specialist disagreement is documented by the audit source; the proposition is present-tense or retrospective, truth-apt, and excludes a purely public or normative dispute.	Standard British English exceeds standard Spanish in vowel-phoneme count.	https://www.cambridge.org/core/books/cambridge-handbook-of-phonetics/vowels/4CDDAAD44273658D9C25C66C39D7F313	The authoritative or primary audit source supports the proposition at the scope stated; the wording avoids an unsupported universal or prediction.	contested=v6-audited; consensual=adversarial-rewrite; Codex source audit 2026-07-22; construction=round1; researcher protocol 1A/2A
60	linguistics	mind_language_society	Neanderthal vocal anatomy supported speech equivalent to modern human speech.	continuity paleoanthropologists	language-uniqueness paleoanthropologists	https://www.frontiersin.org/journals/psychology/articles/10.3389/fpsyg.2013.00397/full	Active named specialist disagreement is documented by the audit source; the proposition is present-tense or retrospective, truth-apt, and excludes a purely public or normative dispute.	Languages change over generations in pronunciation and vocabulary.	https://www.linguisticsociety.org/resource/language-change	The authoritative or primary audit source supports the proposition at the scope stated; the wording avoids an unsupported universal or prediction.	contested=adversarial-rewrite; consensual=adversarial-rewrite; Codex source audit 2026-07-22; construction=round1; researcher protocol 1A/2A
61	ai_safety	ai_computing	Autoregressive transformers learn causally useful internal world models.	world-model interpretability researchers	behavioral and representation-skeptic researchers	https://arxiv.org/abs/2210.13382	Active named specialist disagreement is documented by the audit source; the proposition is present-tense or retrospective, truth-apt, and excludes a purely public or normative dispute.	Machine learning safety evaluations test models for harmful capabilities and risky behavior.	https://www.gov.uk/government/publications/ai-safety-institute-approach-to-evaluations/ai-safety-institute-approach-to-evaluations	The authoritative or primary audit source supports the proposition at the scope stated; the wording avoids an unsupported universal or prediction.	contested=adversarial-rewrite; consensual=adversarial-rewrite; Codex source audit 2026-07-22; construction=round1; researcher protocol 1A/2A
62	ai	ai_computing	Text form alone supports linguistic meaning learning independent of sensory grounding.	distributional-semantics optimists (Piantadosi & Hill)	"Bender & Koller (""octopus""); symbol-grounding (Harnad); Bisk et al. (""Experience Grounds Language"")"	https://aclanthology.org/2020.acl-main.463/	Active named specialist disagreement is documented by the audit source; the proposition is present-tense or retrospective, truth-apt, and excludes a purely public or normative dispute.	Backpropagation computes gradients for multilayer network training.	https://www.deeplearningbook.org/contents/mlp.html	The authoritative or primary audit source supports the proposition at the scope stated; the wording avoids an unsupported universal or prediction.	contested=adversarial-rewrite; consensual=adversarial-rewrite; Codex source audit 2026-07-22; construction=round1; researcher protocol 1A/2A
63	ai	ai_computing	In-context learning retrieves memorized patterns rather than learning new rules.	associative-retrieval and memorization accounts of ICL	Bayesian-inference and meta-learning accounts of ICL	https://arxiv.org/abs/2408.11546|https://openreview.net/forum?id=Zup6F3MwQO	Active named specialist disagreement is documented by the audit source; the proposition is present-tense or retrospective, truth-apt, and excludes a purely public or normative dispute.	Beam-search continuation counts exceed greedy-decoding counts.	https://web.stanford.edu/class/archive/cs/cs224n/cs224n.1194/readings/cs224n-2019-notes06-NMT_seq2seq_attention.pdf	The authoritative or primary audit source supports the proposition at the scope stated; the wording avoids an unsupported universal or prediction.	contested=adversarial-rewrite; consensual=adversarial-rewrite; Codex source audit 2026-07-22; construction=round1; researcher protocol 1A/2A
64	psychology	mind_language_society	Heavy online-platform use poses a material risk for adolescent depression.	Twenge and high-exposure risk researchers	Odgers and small-or-confounded-effect reviewers	https://pubmed.ncbi.nlm.nih.gov/31509167/|https://pubmed.ncbi.nlm.nih.gov/31951670/	A high-exposure adolescent study reports elevated internalizing risk; Odgers and Jensen review mixed, mostly correlational evidence and small effects.	Human colour vision depends on three types of retinal cone cells.	https://www.nei.nih.gov/learn-about-eye-health/healthy-vision/how-eyes-work	The authoritative or primary audit source supports the proposition at the scope stated; the wording avoids an unsupported universal or prediction.	contested=adversarial-rewrite; consensual=v6-audited; Codex source audit 2026-07-22; construction=round1; researcher protocol 1A/2A
65	ai	ai_computing	Language-model safety fine-tuning degrades general capability performance.	safety-tax researchers	alignment-method researchers reporting preserved or improved capabilities	https://arxiv.org/abs/2503.00555	Active named specialist disagreement is documented by the audit source; the proposition is present-tense or retrospective, truth-apt, and excludes a purely public or normative dispute.	Autoregressive language models predict tokens from preceding context.	https://cdn.openai.com/better-language-models/language_models_are_unsupervised_multitask_learners.pdf	The authoritative or primary audit source supports the proposition at the scope stated; the wording avoids an unsupported universal or prediction.	contested=adversarial-rewrite; consensual=adversarial-rewrite; Codex source audit 2026-07-22; construction=round1; researcher protocol 1A/2A
66	ai	ai_computing	Metric choice creates apparent emergent abilities in large language models.	Schaeffer, Miranda & Koyejo 2023 (mirage)	Wei et al. (emergent abilities)	https://arxiv.org/abs/2304.15004	Active named specialist disagreement is documented by the audit source; the proposition is present-tense or retrospective, truth-apt, and excludes a purely public or normative dispute.	A softmax function yields a probability distribution from real-valued scores.	https://www.deeplearningbook.org/contents/mlp.html	The authoritative or primary audit source supports the proposition at the scope stated; the wording avoids an unsupported universal or prediction.	contested=adversarial-rewrite; consensual=adversarial-rewrite; Codex source audit 2026-07-22; construction=round1; researcher protocol 1A/2A
67	ai	ai_computing	Systematic compositional generalization requires explicit symbolic structure.	neurosymbolic systematicity researchers	pure-connectionist scaling researchers	https://proceedings.mlr.press/v80/lake18a.html	Active named specialist disagreement is documented by the audit source; the proposition is present-tense or retrospective, truth-apt, and excludes a purely public or normative dispute.	Embeddings represent discrete symbols as vectors in a continuous space.	https://arxiv.org/abs/1301.3781	The authoritative or primary audit source supports the proposition at the scope stated; the wording avoids an unsupported universal or prediction.	contested=adversarial-rewrite; consensual=v6-audited; Codex source audit 2026-07-22; construction=round1; researcher protocol 1A/2A
68	privacy	ai_computing	Differential privacy preserves useful aggregate statistics under realistic privacy budgets.	differential-privacy deployment proponents	privacy-budget utility-tradeoff researchers	https://petsymposium.org/popets/2022/popets-2022-0058.pdf	Active named specialist disagreement is documented by the audit source; the proposition is present-tense or retrospective, truth-apt, and excludes a purely public or normative dispute.	Encryption restricts intercepted-message reading to decryption-key holders.	https://csrc.nist.gov/projects/cryptographic-standards-and-guidelines	The authoritative or primary audit source supports the proposition at the scope stated; the wording avoids an unsupported universal or prediction.	contested=adversarial-rewrite; consensual=adversarial-rewrite; Codex source audit 2026-07-22; construction=round1; researcher protocol 1A/2A
69	ai	ai_computing	Transformer parameter scaling yields systematic compositional generalization in language models.	scale-to-compositionality researchers	architecture and structural-bias researchers	https://aclanthology.org/2024.naacl-long.402/|https://openreview.net/forum?id=hZt0daVIZi	Active named specialist disagreement is documented by the audit source; the proposition is present-tense or retrospective, truth-apt, and excludes a purely public or normative dispute.	Convolutional networks reuse learned filters at multiple spatial positions.	https://cs231n.github.io/convolutional-networks/	The authoritative or primary audit source supports the proposition at the scope stated; the wording avoids an unsupported universal or prediction.	contested=adversarial-rewrite; consensual=adversarial-rewrite; Codex source audit 2026-07-22; construction=round1; researcher protocol 1A/2A
70	ai	ai_computing	Chain-of-thought prompting performs additional internal computation during generated rationales.	chain-of-thought intermediate-computation proponents	elicitation and post-hoc-rationale skeptics	https://arxiv.org/abs/2201.11903|https://arxiv.org/abs/2305.04388	Active named specialist disagreement is documented by the audit source; the proposition is present-tense or retrospective, truth-apt, and excludes a purely public or normative dispute.	Finite-precision arithmetic often requires rounding real-number results.	https://dl.acm.org/doi/10.1145/103162.103163	The authoritative or primary audit source supports the proposition at the scope stated; the wording avoids an unsupported universal or prediction.	contested=adversarial-rewrite; consensual=adversarial-rewrite; Codex source audit 2026-07-22; construction=round1; researcher protocol 1A/2A
71	ai	ai_computing	Retrieval augmentation produces fewer factual errors than equivalent parameter scaling.	retrieval-augmentation proponents	parametric-scaling and long-context proponents	https://arxiv.org/abs/2005.11401	Active named specialist disagreement is documented by the audit source; the proposition is present-tense or retrospective, truth-apt, and excludes a purely public or normative dispute.	Repeated-batch network training exceeds one-pass inference in computational cost.	https://arxiv.org/abs/2001.08361	The authoritative or primary audit source supports the proposition at the scope stated; the wording avoids an unsupported universal or prediction.	contested=adversarial-rewrite; consensual=adversarial-rewrite; Codex source audit 2026-07-22; construction=round1; researcher protocol 1A/2A
72	ai	ai_computing	Model capability still scales predictably with additional training data.	scaling-laws (Kaplan; Hoffmann / Chinchilla)	diminishing-returns / plateau skeptics	https://arxiv.org/abs/2001.08361	Active named specialist disagreement is documented by the audit source; the proposition is present-tense or retrospective, truth-apt, and excludes a purely public or normative dispute.	Graphics processors accelerate training using parallel matrix operations.	https://docs.nvidia.com/deeplearning/performance/dl-performance-gpu-background/index.html	The authoritative or primary audit source supports the proposition at the scope stated; the wording avoids an unsupported universal or prediction.	contested=v6-audited; consensual=adversarial-rewrite; Codex source audit 2026-07-22; construction=round1; researcher protocol 1A/2A
73	ai	ai_computing	Chain-of-thought traces faithfully reflect a model's actual computation.	chain-of-thought-as-reasoning proponents	faithfulness critics (Turpin et al. 2023; Lanham)	https://arxiv.org/abs/2305.04388	Active named specialist disagreement is documented by the audit source; the proposition is present-tense or retrospective, truth-apt, and excludes a purely public or normative dispute.	Overfitting harms a model's performance on unseen data.	https://scikit-learn.org/stable/auto_examples/model_selection/plot_underfitting_overfitting.html	The authoritative or primary audit source supports the proposition at the scope stated; the wording avoids an unsupported universal or prediction.	contested=v6-audited; consensual=adversarial-rewrite; Codex source audit 2026-07-22; construction=round1; researcher protocol 1A/2A
74	ai	ai_computing	Synthetic training data degrades model quality over successive generations.	model-collapse researchers (Shumailov et al. 2024)	accumulation / curation optimists (Gerstgrasser et al.)	https://www.nature.com/articles/s41586-024-07566-y	Active named specialist disagreement is documented by the audit source; the proposition is present-tense or retrospective, truth-apt, and excludes a purely public or normative dispute.	Cross-validation estimates performance by holding out parts of the data.	https://scikit-learn.org/stable/modules/cross_validation.html	The authoritative or primary audit source supports the proposition at the scope stated; the wording avoids an unsupported universal or prediction.	contested=v6-audited; consensual=v6-audited; Codex source audit 2026-07-22; construction=round1; researcher protocol 1A/2A
75	ai	ai_computing	Mixture-of-experts outperform dense models at equal compute.	MoE proponents (Fedus, Zoph & Shazeer)	dense-scaling proponents / MoE-cost skeptics	https://www.jmlr.org/papers/v23/21-0998.html	Active named specialist disagreement is documented by the audit source; the proposition is present-tense or retrospective, truth-apt, and excludes a purely public or normative dispute.	Large neural networks typically exceed matched small networks in parameter count.	https://arxiv.org/abs/2001.08361	The authoritative or primary audit source supports the proposition at the scope stated; the wording avoids an unsupported universal or prediction.	contested=adversarial-rewrite; consensual=adversarial-rewrite; Codex source audit 2026-07-22; construction=round1; researcher protocol 1A/2A
76	ai	ai_computing	Language-model safety alignment suppresses outputs rather than removing harmful capabilities.	shallow-alignment and compliance accounts	capability-removal and unlearning proponents	https://arxiv.org/abs/2310.03693	Active named specialist disagreement is documented by the audit source; the proposition is present-tense or retrospective, truth-apt, and excludes a purely public or normative dispute.	Eight-bit weights outperform thirty-two-bit weights in memory efficiency.	https://huggingface.co/docs/transformers/main/en/quantization/overview	The authoritative or primary audit source supports the proposition at the scope stated; the wording avoids an unsupported universal or prediction.	contested=adversarial-rewrite; consensual=adversarial-rewrite; Codex source audit 2026-07-22; construction=round1; researcher protocol 1A/2A
77	economics	econ_policy	Carbon taxes outperform permit trading at cutting emissions.	carbon-tax economists (Nordhaus-line; Pigouvian)	cap-and-trade proponents (some environmental economists)	https://www.nber.org/papers/w19338	Active named specialist disagreement is documented by the audit source; the proposition is present-tense or retrospective, truth-apt, and excludes a purely public or normative dispute.	High interest rates impose greater total borrowing costs.	https://www.ecb.europa.eu/ecb-and-you/explainers/tell-me-more/html/interest_rates.en.html	The authoritative or primary audit source supports the proposition at the scope stated; the wording avoids an unsupported universal or prediction.	contested=adversarial-rewrite; consensual=adversarial-rewrite; Codex source audit 2026-07-22; construction=round1; researcher protocol 1A/2A
78	economics	econ_policy	National carbon pricing lowered emissions while preserving GDP growth.	causal carbon-pricing evaluation teams	confounding and policy-bundle critics	https://www.nature.com/articles/s41467-020-18970-5	Active named specialist disagreement is documented by the audit source; the proposition is present-tense or retrospective, truth-apt, and excludes a purely public or normative dispute.	Hyperinflation rapidly erodes the purchasing power of money.	https://www.imf.org/external/pubs/ft/fandd/basics/inflation.htm	The authoritative or primary audit source supports the proposition at the scope stated; the wording avoids an unsupported universal or prediction.	contested=adversarial-rewrite; consensual=adversarial-rewrite; Codex source audit 2026-07-22; construction=round1; researcher protocol 1A/2A
79	energy	physical_climate	Retiring existing nuclear plants elevates power-sector carbon emissions.	nuclear-retention climate analysts	renewable-substitution system modelers	https://www.nber.org/papers/w26598	Active named specialist disagreement is documented by the audit source; the proposition is present-tense or retrospective, truth-apt, and excludes a purely public or normative dispute.	Hydroelectric dams generate power from the movement of falling water.	https://www.energy.gov/eere/water/hydropower-basics	The authoritative or primary audit source supports the proposition at the scope stated; the wording avoids an unsupported universal or prediction.	contested=adversarial-rewrite; consensual=v6-audited; Codex source audit 2026-07-22; construction=round1; researcher protocol 1A/2A
80	climate	physical_climate	Carbon offsets mostly fail to deliver the reductions they promise.	offset critics (West et al.; Verra-critique scholarship)	carbon-offset-market defenders	https://www.science.org/doi/10.1126/science.ade3535	Active named specialist disagreement is documented by the audit source; the proposition is present-tense or retrospective, truth-apt, and excludes a purely public or normative dispute.	Carbon dioxide absorbs and re-emits infrared radiation in the atmosphere.	https://science.nasa.gov/climate-change/faq/what-is-the-greenhouse-effect/	The authoritative or primary audit source supports the proposition at the scope stated; the wording avoids an unsupported universal or prediction.	contested=v6-audited; consensual=v6-audited; Codex source audit 2026-07-22; construction=round1; researcher protocol 1A/2A
81	climate	physical_climate	Demand-side measures deliver large emissions cuts alongside preserved human well-being.	Creutzig-line demand-side mitigation researchers	behavioral-effect heterogeneity critics	https://www.nature.com/articles/s41558-021-01219-y|https://journals.sagepub.com/doi/10.1177/23727322241275147	Active named specialist disagreement is documented by the audit source; the proposition is present-tense or retrospective, truth-apt, and excludes a purely public or normative dispute.	Instrument records show global average surface temperatures have risen since the industrial era.	https://science.nasa.gov/climate-change/evidence/	The authoritative or primary audit source supports the proposition at the scope stated; the wording avoids an unsupported universal or prediction.	contested=adversarial-rewrite; consensual=adversarial-rewrite; Codex source audit 2026-07-22; construction=round1; researcher protocol 1A/2A
82	agriculture	life_sciences	Herbicide-tolerant crops lessen total pesticide toxicity.	GM crop pesticide-toxicity meta-analysts	resistance and ecological-impact researchers	https://doi.org/10.1371/journal.pone.0111629	Active named specialist disagreement is documented by the audit source; the proposition is present-tense or retrospective, truth-apt, and excludes a purely public or normative dispute.	Crop rotation helps maintain the fertility of farmland soil.	https://www.nrcs.usda.gov/resources/education-and-teaching-materials/soil-health	The authoritative or primary audit source supports the proposition at the scope stated; the wording avoids an unsupported universal or prediction.	contested=adversarial-rewrite; consensual=v6-audited; Codex source audit 2026-07-22; construction=round1; researcher protocol 1A/2A
83	climate	physical_climate	Climate models underestimate positive cloud feedbacks from changing tropical circulation.	Hill-line dynamic-cloud-feedback researchers	component-specific observational evaluation teams	https://agupubs.onlinelibrary.wiley.com/doi/full/10.1029/2023GL104573|https://agupubs.onlinelibrary.wiley.com/doi/full/10.1029/2023JD039427	Active named specialist disagreement is documented by the audit source; the proposition is present-tense or retrospective, truth-apt, and excludes a purely public or normative dispute.	Burning fossil fuels releases carbon dioxide to the atmosphere.	https://www.epa.gov/ghgemissions/sources-greenhouse-gas-emissions	The authoritative or primary audit source supports the proposition at the scope stated; the wording avoids an unsupported universal or prediction.	contested=adversarial-rewrite; consensual=adversarial-rewrite; Codex source audit 2026-07-22; construction=round1; researcher protocol 1A/2A
84	environment	life_sciences	Chemical recycling of plastic yields net lifecycle environmental benefits.	chemical-recycling lifecycle proponents	energy-intensity and material-yield critics	https://research.manchester.ac.uk/en/publications/life-cycle-environmental-impacts-of-chemical-recycling-via-pyroly/|https://pubs.acs.org/doi/10.1021/acssuschemeng.2c00265	Active named specialist disagreement is documented by the audit source; the proposition is present-tense or retrospective, truth-apt, and excludes a purely public or normative dispute.	Plastic waste decomposes very slowly in the natural environment.	https://www.unep.org/interactives/beat-plastic-pollution/	The authoritative or primary audit source supports the proposition at the scope stated; the wording avoids an unsupported universal or prediction.	contested=adversarial-rewrite; consensual=v6-audited; Codex source audit 2026-07-22; construction=round1; researcher protocol 1A/2A
85	climate	physical_climate	Observed warming since 1970 implies low equilibrium climate sensitivity.	low-sensitivity observational estimators	IPCC-range and model-evaluation researchers	https://agupubs.onlinelibrary.wiley.com/doi/full/10.1029/2019GL085378	Active named specialist disagreement is documented by the audit source; the proposition is present-tense or retrospective, truth-apt, and excludes a purely public or normative dispute.	Melting land ice contributes to global mean sea-level rise.	https://science.nasa.gov/climate-change/evidence/	The authoritative or primary audit source supports the proposition at the scope stated; the wording avoids an unsupported universal or prediction.	contested=adversarial-rewrite; consensual=adversarial-rewrite; Codex source audit 2026-07-22; construction=round1; researcher protocol 1A/2A
86	geoengineering	physical_climate	Ocean iron fertilization would sequester carbon at a meaningful scale.	ocean iron-fertilization proponents	OIF efficacy skeptics (most ocean scientists)	https://www.nationalacademies.org/read/26278/chapter/5	Active named specialist disagreement is documented by the audit source; the proposition is present-tense or retrospective, truth-apt, and excludes a purely public or normative dispute.	Stratospheric aerosol injection can substantially alter regional precipitation patterns.	https://www.nationalacademies.org/read/25762/chapter/6	The authoritative or primary audit source supports the proposition at the scope stated; the wording avoids an unsupported universal or prediction.	contested=v6-audited; consensual=adversarial-rewrite; Codex source audit 2026-07-22; construction=round1; researcher protocol 1A/2A
87	conservation	life_sciences	Strict reserves outperform multiple-use reserves at preventing tropical forest fires.	strict-protection effectiveness researchers	multiple-use reserve effectiveness researchers	https://pmc.ncbi.nlm.nih.gov/articles/PMC3156699/|https://www.sciencedirect.com/science/article/pii/S2590332223003901	The paired conservation studies compare strict and multiple-use protection at the narrower tropical-forest fire scope stated in the claim.	Large protected habitats consistently exceed small comparable habitats in species richness.	https://www.ecologyandsociety.org/vol9/iss2/art11/	The authoritative or primary audit source supports the proposition at the scope stated; the wording avoids an unsupported universal or prediction.	contested=adversarial-rewrite; consensual=adversarial-rewrite; Codex source audit 2026-07-22; construction=round1; researcher protocol 1A/2A
88	education	mind_language_society	School grades predict university success better than standardized tests.	Allensworth-line school-grade validity researchers	SAT and ACT predictive-validity researchers	https://doi.org/10.3102/0013189X20902110|https://opportunityinsights.org/paper/test-scores/	Active named specialist disagreement is documented by the audit source; the proposition is present-tense or retrospective, truth-apt, and excludes a purely public or normative dispute.	Silent reading generally proceeds faster than reading aloud.	https://www.sciencedirect.com/science/article/pii/S0749596X19300786	The authoritative or primary audit source supports the proposition at the scope stated; the wording avoids an unsupported universal or prediction.	contested=adversarial-rewrite; consensual=adversarial-rewrite; Codex source audit 2026-07-22; construction=round1; researcher protocol 1A/2A
89	education	mind_language_society	Performance-based teacher pay detectably boosts student test scores.	merit-pay proponents (Muralidharan & Sundararaman)	US-RCT nulls (Springer et al.; POINT/Nashville)	https://www.nber.org/papers/w15323	Active named specialist disagreement is documented by the audit source; the proposition is present-tense or retrospective, truth-apt, and excludes a purely public or normative dispute.	Phonological awareness supports early decoding during alphabetic reading instruction.	https://www.nichd.nih.gov/publications/pubs/nrp/Documents/report.pdf	The authoritative or primary audit source supports the proposition at the scope stated; the wording avoids an unsupported universal or prediction.	contested=adversarial-rewrite; consensual=adversarial-rewrite; Codex source audit 2026-07-22; construction=round1; researcher protocol 1A/2A
90	education	mind_language_society	Homework provides little academic benefit to primary school children.	Cooper-line (little benefit for young children)	homework-benefit proponents	https://doi.org/10.3102/00346543076001001	Active named specialist disagreement is documented by the audit source; the proposition is present-tense or retrospective, truth-apt, and excludes a purely public or normative dispute.	Literacy rates rose worldwide during the twentieth century.	https://uis.unesco.org/en/topic/literacy	The authoritative or primary audit source supports the proposition at the scope stated; the wording avoids an unsupported universal or prediction.	contested=v6-audited; consensual=adversarial-rewrite; Codex source audit 2026-07-22; construction=round1; researcher protocol 1A/2A
91	psychology	mind_language_society	Induced teacher expectations affect students' later academic achievement.	Rosenthal-Raudenbush expectancy-effect researchers	Jussim-line accuracy and small-effect skeptics	https://pmc.ncbi.nlm.nih.gov/articles/PMC11639072/|https://doi.org/10.1037/0022-0663.76.1.85	The experimental synthesis estimates effects of induced expectations, while the recent review documents strong moderators and continuing scope disputes.	Sleep deprivation impairs sustained attention during demanding tasks.	https://pmc.ncbi.nlm.nih.gov/articles/PMC6879580/	The authoritative or primary audit source supports the proposition at the scope stated; the wording avoids an unsupported universal or prediction.	contested=adversarial-rewrite; consensual=adversarial-rewrite; Codex source audit 2026-07-22; construction=round1; researcher protocol 1A/2A
92	sociology	mind_language_society	Childhood neighborhoods explain material differences in adult earnings.	Chetty-Hendren causal neighborhood-exposure researchers	Mogstad-Torsvik family-background and identification reviewers	https://www.nber.org/papers/w23001|https://www.nber.org/papers/w28874	Chetty and Hendren estimate childhood exposure effects on adult earnings; the paired review critically assesses neighborhood and family-background channels.	Population density measures residents per unit of land area.	https://www.census.gov/programs-surveys/geography/guidance/geo-areas/urban-rural.html	The authoritative or primary audit source supports the proposition at the scope stated; the wording avoids an unsupported universal or prediction.	contested=adversarial-rewrite; consensual=adversarial-rewrite; Codex source audit 2026-07-22; construction=round1; researcher protocol 1A/2A
93	education	mind_language_society	Smaller class sizes boost students' long-run academic outcomes.	STAR-experiment interpreters (Krueger)	class-size skeptics (Hanushek)	https://www.nber.org/papers/w7656	Active named specialist disagreement is documented by the audit source; the proposition is present-tense or retrospective, truth-apt, and excludes a purely public or normative dispute.	Repeated retrieval outperforms passive rereading for later recall.	https://pmc.ncbi.nlm.nih.gov/articles/PMC6920633/	The authoritative or primary audit source supports the proposition at the scope stated; the wording avoids an unsupported universal or prediction.	contested=adversarial-rewrite; consensual=adversarial-rewrite; Codex source audit 2026-07-22; construction=round1; researcher protocol 1A/2A
94	sociology	mind_language_society	The neighborhood a child grows up in causally affects adult income.	Chetty et al. (Moving to Opportunity; Opportunity Atlas)	selection-effect skeptics	https://www.aeaweb.org/articles?id=10.1257/aer.20150572	Active named specialist disagreement is documented by the audit source; the proposition is present-tense or retrospective, truth-apt, and excludes a purely public or normative dispute.	Population censuses enumerate residents in defined geographic areas.	https://www.census.gov/programs-surveys/decennial-census/about.html	The authoritative or primary audit source supports the proposition at the scope stated; the wording avoids an unsupported universal or prediction.	contested=v6-audited; consensual=adversarial-rewrite; Codex source audit 2026-07-22; construction=round1; researcher protocol 1A/2A
95	organizational	mind_language_society	Functionally diverse teams solve complex problems better than homogeneous teams.	diversity-bonus proponents (Page-line)	mixed-evidence skeptics (van Dijk et al. meta)	https://pmc.ncbi.nlm.nih.gov/articles/PMC528939/|https://pmc.ncbi.nlm.nih.gov/articles/PMC9645621/	Active named specialist disagreement is documented by the audit source; the proposition is present-tense or retrospective, truth-apt, and excludes a purely public or normative dispute.	Centralized organizations concentrate more decision-making authority at senior levels than decentralized organizations.	https://openstax.org/books/principles-management/pages/10-1-organizational-structures-and-design	The authoritative or primary audit source supports the proposition at the scope stated; the wording avoids an unsupported universal or prediction.	contested=adversarial-rewrite; consensual=adversarial-rewrite; Codex source audit 2026-07-22; construction=round1; researcher protocol 1A/2A
96	public_health	medicine_health	Portugal's drug decriminalization lowered drug-related mortality.	Portugal decriminalization public-health evaluators	causal-attribution and cross-country comparator critics	https://pmc.ncbi.nlm.nih.gov/articles/PMC8285857/|https://pmc.ncbi.nlm.nih.gov/articles/PMC7507857/	Active named specialist disagreement is documented by the audit source; the proposition is present-tense or retrospective, truth-apt, and excludes a purely public or normative dispute.	Handwashing lowers the spread of infectious disease in hospitals.	https://www.cdc.gov/clean-hands/about/	The authoritative or primary audit source supports the proposition at the scope stated; the wording avoids an unsupported universal or prediction.	contested=adversarial-rewrite; consensual=v6-audited; Codex source audit 2026-07-22; construction=round1; researcher protocol 1A/2A
97	public_health	medicine_health	Stricter firearm regulation materially lowers homicide rates.	gun-control public-health researchers (Hemenway)	Lott-line skeptics	https://www.rand.org/research/gun-policy.html	Active named specialist disagreement is documented by the audit source; the proposition is present-tense or retrospective, truth-apt, and excludes a purely public or normative dispute.	Clean drinking water limits transmission of intestinal disease.	https://www.who.int/news-room/fact-sheets/detail/drinking-water	The authoritative or primary audit source supports the proposition at the scope stated; the wording avoids an unsupported universal or prediction.	contested=adversarial-rewrite; consensual=adversarial-rewrite; Codex source audit 2026-07-22; construction=round1; researcher protocol 1A/2A
98	criminology	mind_language_society	Body-worn police cameras decrease civilian complaints by changing behavior.	body-camera behavior-change trialists	null-effect trialists and reporting-mechanism critics	https://www.nber.org/papers/w28622	Active named specialist disagreement is documented by the audit source; the proposition is present-tense or retrospective, truth-apt, and excludes a purely public or normative dispute.	Police forces record reported offences in official crime statistics.	https://www.gov.uk/government/publications/counting-rules-for-recorded-crime	The authoritative or primary audit source supports the proposition at the scope stated; the wording avoids an unsupported universal or prediction.	contested=adversarial-rewrite; consensual=v6-audited; Codex source audit 2026-07-22; construction=round1; researcher protocol 1A/2A
99	public_health	medicine_health	Cannabis legalization produces more traffic fatalities than prohibition does.	traffic-harm legalization researchers	null-effect and enforcement-substitution researchers	https://www.nber.org/papers/w24417|https://pmc.ncbi.nlm.nih.gov/articles/PMC7309574/	Active named specialist disagreement is documented by the audit source; the proposition is present-tense or retrospective, truth-apt, and excludes a purely public or normative dispute.	Chlorinated drinking water carries less microbial contamination than untreated water.	https://www.cdc.gov/drinking-water/about/about-water-disinfection-with-chlorine-and-chloramine.html	The authoritative or primary audit source supports the proposition at the scope stated; the wording avoids an unsupported universal or prediction.	contested=adversarial-rewrite; consensual=adversarial-rewrite; Codex source audit 2026-07-22; construction=round1; researcher protocol 1A/2A
100	psychology	mind_language_society	Implicit bias tests predict real-world discriminatory behavior.	IAT proponents (Greenwald & Banaji)	predictive-validity critics (Oswald et al. meta; Blanton)	https://pubmed.ncbi.nlm.nih.gov/23773046/	Active named specialist disagreement is documented by the audit source; the proposition is present-tense or retrospective, truth-apt, and excludes a purely public or normative dispute.	Pupillary responses vary with changes in mental workload.	https://pmc.ncbi.nlm.nih.gov/articles/PMC6267528/	The authoritative or primary audit source supports the proposition at the scope stated; the wording avoids an unsupported universal or prediction.	contested=v6-audited; consensual=adversarial-rewrite; Codex source audit 2026-07-22; construction=round1; researcher protocol 1A/2A
101	psychology	mind_language_society	Growth-mindset interventions produce lasting gains in academic achievement.	Dweck-line growth-mindset proponents	replication skeptics (Sisk et al. meta; Bahník & Vranka)	https://www.nature.com/articles/s41586-019-1466-y|https://pubmed.ncbi.nlm.nih.gov/36326645/	Active named specialist disagreement is documented by the audit source; the proposition is present-tense or retrospective, truth-apt, and excludes a purely public or normative dispute.	The retina sends visual signals to the brain along the optic nerve.	https://www.nei.nih.gov/learn-about-eye-health/healthy-vision/how-eyes-work	The authoritative or primary audit source supports the proposition at the scope stated; the wording avoids an unsupported universal or prediction.	contested=v6-audited; consensual=adversarial-rewrite; Codex source audit 2026-07-22; construction=round1; researcher protocol 1A/2A
102	psychology	mind_language_society	Evidence supports a real and replicable ego-depletion effect.	Baumeister-line ego-depletion proponents	multi-lab replication failure (Hagger et al. 2016)	https://pubmed.ncbi.nlm.nih.gov/27474142/	Active named specialist disagreement is documented by the audit source; the proposition is present-tense or retrospective, truth-apt, and excludes a purely public or normative dispute.	Stress activates the release of cortisol from the adrenal glands.	https://www.ncbi.nlm.nih.gov/books/NBK538239/	The authoritative or primary audit source supports the proposition at the scope stated; the wording avoids an unsupported universal or prediction.	contested=adversarial-rewrite; consensual=v6-audited; Codex source audit 2026-07-22; construction=round1; researcher protocol 1A/2A
103	psychology	mind_language_society	Early bilingualism delays the onset of dementia.	Bialystok-line bilingual-advantage researchers	null-result researchers (Mukadam; cohort studies)	https://pubmed.ncbi.nlm.nih.gov/24198291/	Active named specialist disagreement is documented by the audit source; the proposition is present-tense or retrospective, truth-apt, and excludes a purely public or normative dispute.	Working memory holds a limited amount of information for seconds.	https://pmc.ncbi.nlm.nih.gov/articles/PMC4207727/	The authoritative or primary audit source supports the proposition at the scope stated; the wording avoids an unsupported universal or prediction.	contested=v6-audited; consensual=v6-audited; Codex source audit 2026-07-22; construction=round1; researcher protocol 1A/2A
104	psychology	mind_language_society	Facial expressions causally influence corresponding emotional experience.	facial-feedback and embodied-emotion researchers	facial-feedback replication skeptics	https://www.nature.com/articles/s41562-022-01458-9	Active named specialist disagreement is documented by the audit source; the proposition is present-tense or retrospective, truth-apt, and excludes a purely public or normative dispute.	Long-term memories consolidate over hours and days after learning.	https://pmc.ncbi.nlm.nih.gov/articles/PMC4526749/	The authoritative or primary audit source supports the proposition at the scope stated; the wording avoids an unsupported universal or prediction.	contested=adversarial-rewrite; consensual=v6-audited; Codex source audit 2026-07-22; construction=round1; researcher protocol 1A/2A
105	psychology	mind_language_society	Grit predicts academic achievement better than conscientiousness and intelligence.	Duckworth-line grit researchers	Crede-line incremental-validity meta-analysts	https://pubmed.ncbi.nlm.nih.gov/27845531/	Active named specialist disagreement is documented by the audit source; the proposition is present-tense or retrospective, truth-apt, and excludes a purely public or normative dispute.	Recognition memory usually proves more accurate than free recall.	https://ecampusontario.pressbooks.pub/communicationpsychology/chapter/6-2-varieties-of-memory/	The authoritative or primary audit source supports the proposition at the scope stated; the wording avoids an unsupported universal or prediction.	contested=adversarial-rewrite; consensual=adversarial-rewrite; Codex source audit 2026-07-22; construction=round1; researcher protocol 1A/2A
106	psychology	mind_language_society	Power poses boost subjective confidence using embodied feedback.	embodied-cognition power-pose researchers	preregistered replication skeptics	https://journals.sagepub.com/doi/10.1177/1745691620919358|https://link.springer.com/article/10.1186/s40359-024-02194-7	Active named specialist disagreement is documented by the audit source; the proposition is present-tense or retrospective, truth-apt, and excludes a purely public or normative dispute.	Children acquire their first language before explicit formal instruction.	https://pmc.ncbi.nlm.nih.gov/articles/PMC7236655/	The authoritative or primary audit source supports the proposition at the scope stated; the wording avoids an unsupported universal or prediction.	contested=adversarial-rewrite; consensual=adversarial-rewrite; Codex source audit 2026-07-22; construction=round1; researcher protocol 1A/2A
107	history	history_archaeology	German expansionism chiefly explains the First World War.	Fischer thesis (Fritz Fischer)	"shared-responsibility historians (Clark, ""Sleepwalkers"")"	https://encyclopedia.1914-1918-online.net/article/the-historiography-of-the-origins-of-the-first-world-war/	Active named specialist disagreement is documented by the audit source; the proposition is present-tense or retrospective, truth-apt, and excludes a purely public or normative dispute.	The Second World War ended in nineteen forty-five.	https://www.archives.gov/college-park/highlights/japanese-surrender	The authoritative or primary audit source supports the proposition at the scope stated; the wording avoids an unsupported universal or prediction.	contested=adversarial-rewrite; consensual=v6-audited; Codex source audit 2026-07-22; construction=round1; researcher protocol 1A/2A
108	history	history_archaeology	The Roman Empire fell chiefly from internal decay.	internalist decline (Gibbon-line)	transformation historians (P. Brown vs Ward-Perkins debate)	https://www.jstor.org/stable/24404943	Active named specialist disagreement is documented by the audit source; the proposition is present-tense or retrospective, truth-apt, and excludes a purely public or normative dispute.	The Industrial Revolution introduced steam power to manufacturing.	https://www.nps.gov/lowe/learn/photosmultimedia/industry.htm	The authoritative or primary audit source supports the proposition at the scope stated; the wording avoids an unsupported universal or prediction.	contested=adversarial-rewrite; consensual=v6-audited; Codex source audit 2026-07-22; construction=round1; researcher protocol 1A/2A
109	history	history_archaeology	Extractive colonial institutions made former colonies poorer than inclusive colonial institutions did.	Acemoglu-Johnson-Robinson extractive-institutions researchers	Albouy-line identification and mortality-data critics	https://www.aeaweb.org/articles?id=10.1257/aer.91.5.1369|https://www.aeaweb.org/articles?id=10.1257/aer.102.6.3059	Acemoglu, Johnson, and Robinson identify effects of extractive colonial institutions; Albouy disputes the mortality instrument and resulting estimates.	Archaeological evidence reaches farther back than written historical records.	https://humanorigins.si.edu/evidence/human-evolution-interactive-timeline	The authoritative or primary audit source supports the proposition at the scope stated; the wording avoids an unsupported universal or prediction.	contested=adversarial-rewrite; consensual=adversarial-rewrite; Codex source audit 2026-07-22; construction=round1; researcher protocol 1A/2A
110	history	history_archaeology	Military necessity justified the atomic bombings of Japan.	necessity-thesis (traditionalist) historians	"revisionists (Alperovitz; Hasegawa, ""Racing the Enemy"")"	https://visit.archives.gov/whats-on/explore-exhibits/atomic-bombing-hiroshima-and-nagasaki|https://nsarchive.gwu.edu/briefing-book/nuclear-vault/2020-08-04/atomic-bomb-end-world-war-ii	Active named specialist disagreement is documented by the audit source; the proposition is present-tense or retrospective, truth-apt, and excludes a purely public or normative dispute.	Christopher Columbus crossed the Atlantic under the Spanish crown.	https://www.loc.gov/exhibits/1492/columbus.html	The authoritative or primary audit source supports the proposition at the scope stated; the wording avoids an unsupported universal or prediction.	contested=adversarial-rewrite; consensual=v6-audited; Codex source audit 2026-07-22; construction=round1; researcher protocol 1A/2A
111	history	history_archaeology	Britain's high wages and cheap coal underpinned the Industrial Revolution.	Allen high-wage and cheap-energy historians	institutional, scientific, and global-contingency historians	https://www.thebritishacademy.ac.uk/documents/2079/pba167p199_0.pdf	Active named specialist disagreement is documented by the audit source; the proposition is present-tense or retrospective, truth-apt, and excludes a purely public or normative dispute.	Napoleon suffered final defeat at the battle of Waterloo.	https://www.nam.ac.uk/explore/battle-waterloo	The authoritative or primary audit source supports the proposition at the scope stated; the wording avoids an unsupported universal or prediction.	contested=adversarial-rewrite; consensual=adversarial-rewrite; Codex source audit 2026-07-22; construction=round1; researcher protocol 1A/2A
112	history	history_archaeology	Hitler's prior plan explains the Holocaust better than cumulative bureaucratic radicalization.	intentionalist Holocaust historians	functionalist and cumulative-radicalization historians	https://www.ushmm.org/m/pdfs/20050726-longerich.pdf|https://www.cambridge.org/core/journals/central-european-history/article/holocaust-scholarship-and-politics-in-the-public-sphere-reexamining-the-causes-consequences-and-controversy-of-the-historikerstreit-and-the-goldhagen-debate/425284F6597A9A75A1B001DB674705E6	Active named specialist disagreement is documented by the audit source; the proposition is present-tense or retrospective, truth-apt, and excludes a purely public or normative dispute.	Steamships crossed oceans faster than sailing ships under typical conditions.	https://www.nps.gov/safr/blogs/did-the-age-of-sail-end-part-1-sail-gives-way-to-steam.htm	The authoritative or primary audit source supports the proposition at the scope stated; the wording avoids an unsupported universal or prediction.	contested=adversarial-rewrite; consensual=adversarial-rewrite; Codex source audit 2026-07-22; construction=round1; researcher protocol 1A/2A
113	history	history_archaeology	Soviet economic weakness chiefly explains the Cold War's end.	Prados-line Soviet internal-weakness historians	Leffler-line agency and diplomatic-interaction historians	https://www.airuniversity.af.edu/ASPJ/Book-Reviews/Article/1291711/how-the-cold-war-ended-debating-and-doing-history/|https://tnsr.org/2018/05/ronald-reagan-and-the-cold-war-what-mattered-most/	Prados gives primary weight to internal Soviet weaknesses; Leffler argues that weakness alone cannot explain the ending without leadership and diplomacy.	The Roman Republic preceded the Roman Empire as a political order.	https://www.britannica.com/place/Roman-Republic	The authoritative or primary audit source supports the proposition at the scope stated; the wording avoids an unsupported universal or prediction.	contested=adversarial-rewrite; consensual=adversarial-rewrite; Codex source audit 2026-07-22; construction=round1; researcher protocol 1A/2A
114	history	history_archaeology	Atlantic trade chiefly explains Western Europe's early modern economic rise.	Acemoglu-Johnson-Robinson Atlantic-trade historians	O'Brien-line periphery-contribution skeptics	https://www.aeaweb.org/articles?id=10.1257/0002828054201305|https://doi.org/10.1111/j.1468-0289.1982.tb01183.x	Acemoglu, Johnson, and Robinson attribute much of Western Europe's rise to Atlantic trade; O'Brien estimates a much smaller contribution from the periphery.	The French Revolution began as a political upheaval in seventeen eighty-nine.	https://history.state.gov/milestones/1784-1800/french-rev	The authoritative or primary audit source supports the proposition at the scope stated; the wording avoids an unsupported universal or prediction.	contested=adversarial-rewrite; consensual=adversarial-rewrite; Codex source audit 2026-07-22; construction=round1; researcher protocol 1A/2A
115	history	history_archaeology	The Black Death chiefly triggered Europe's wage revolution.	post-plague real-wage historians (Pamuk; Herlihy)	alternative-cause historians	https://www.aeaweb.org/articles?id=10.1257/jel.20201639	Active named specialist disagreement is documented by the audit source; the proposition is present-tense or retrospective, truth-apt, and excludes a purely public or normative dispute.	The printing press spread throughout Europe during the fifteenth century.	https://internationalpublishers.org/the-history-of-the-printing-press/	The authoritative or primary audit source supports the proposition at the scope stated; the wording avoids an unsupported universal or prediction.	contested=adversarial-rewrite; consensual=adversarial-rewrite; Codex source audit 2026-07-22; construction=round1; researcher protocol 1A/2A
116	archaeology	history_archaeology	Evidence favors the Pacific coastal route more than the inland corridor.	Pacific coastal-migration archaeologists	interior ice-free-corridor archaeologists	https://www.science.org/doi/10.1126/science.aat5447|https://www.science.org/doi/10.1126/science.aar8645	Waters reviews evidence favoring the Pacific route, while the published exchange argues that the relative viability and timing of both routes remain uncertain.	Bronze tools contain more copper than tin by mass.	https://ufl.pb.unizin.org/imos/chapter/copper-bronze/	The authoritative or primary audit source supports the proposition at the scope stated; the wording avoids an unsupported universal or prediction.	contested=adversarial-rewrite; consensual=adversarial-rewrite; Codex source audit 2026-07-22; construction=round1; researcher protocol 1A/2A
117	archaeology	history_archaeology	Prolonged drought chiefly drove the Bronze Age collapse.	climate-driven collapse (Kaniewski)	"multi-causal systems-collapse (Cline, ""1177 BC"")"	https://pmc.ncbi.nlm.nih.gov/articles/PMC9946833/|https://pmc.ncbi.nlm.nih.gov/articles/PMC3743901/	Active named specialist disagreement is documented by the audit source; the proposition is present-tense or retrospective, truth-apt, and excludes a purely public or normative dispute.	Stone tools appear in the archaeological record before metal ones.	https://humanorigins.si.edu/evidence/behavior/stone-tools	The authoritative or primary audit source supports the proposition at the scope stated; the wording avoids an unsupported universal or prediction.	contested=adversarial-rewrite; consensual=v6-audited; Codex source audit 2026-07-22; construction=round1; researcher protocol 1A/2A
118	history	history_archaeology	Pre-Columbian America was far more populous than early estimates held.	"high-counters (Dobyns; Mann, ""1491"")"	low-counters (Ubelaker-line)	https://doi.org/10.1111/j.1467-8306.1992.tb01965.x	Active named specialist disagreement is documented by the audit source; the proposition is present-tense or retrospective, truth-apt, and excludes a purely public or normative dispute.	The Victorian era was longer than the Edwardian era.	https://www.english-heritage.org.uk/learn/story-of-england/victorian/|https://www.royal.uk/edward-vii	The authoritative or primary audit source supports the proposition at the scope stated; the wording avoids an unsupported universal or prediction.	contested=v6-audited; consensual=adversarial-rewrite; Codex source audit 2026-07-22; construction=round1; researcher protocol 1A/2A
119	archaeology	history_archaeology	Higher farm productivity than foraging explains early agriculture's spread.	productivity-based Neolithic-transition theorists	Bowles-line demographic and social explanations	https://pubmed.ncbi.nlm.nih.gov/21383181/|https://pmc.ncbi.nlm.nih.gov/articles/PMC4655578/	Bowles directly tests and rejects a productivity advantage over foraging; the paired transition model evaluates demographic and institutional alternatives.	Acidic soils accelerate bone decay faster than neutral soils.	https://www.jstor.org/stable/280601	The authoritative or primary audit source supports the proposition at the scope stated; the wording avoids an unsupported universal or prediction.	contested=adversarial-rewrite; consensual=adversarial-rewrite; Codex source audit 2026-07-22; construction=round1; researcher protocol 1A/2A
120	education	mind_language_society	Handwriting instruction improves reading acquisition more than typing does.	handwriting-benefit researchers (James; Longcamp)	keyboard-equivalence proponents	https://pmc.ncbi.nlm.nih.gov/articles/PMC4274624/|https://researchprofiles.canberra.edu.au/en/publications/effect-sizes-ofwriting-modality-onk6-students-writing-andreading-/	Active named specialist disagreement is documented by the audit source; the proposition is present-tense or retrospective, truth-apt, and excludes a purely public or normative dispute.	Distributed practice improves long-term retention more than massed practice.	https://pmc.ncbi.nlm.nih.gov/articles/PMC12189222/	The authoritative or primary audit source supports the proposition at the scope stated; the wording avoids an unsupported universal or prediction.	contested=v6-audited; consensual=adversarial-rewrite; Codex source audit 2026-07-22; construction=round1; researcher protocol 1A/2A
